{
    "Ela": {
        "mean_error": 14.761268819917571,
        "std_error": 28.556633643624757,
        "max_error": 248.0,
        "total_error": 21059607.0,
        "tampered_ratio": 0.0012329324025009112
    },
    "Noise": {
        "mean_norm_error": 1.3345872935766956,
        "std_norm_error": 6.65426068803604,
        "max_norm_error": 255.0,
        "total_norm_error": 1904029.0,
        "local_norm_ratio": 0.00011985869290941206,
        "mean_prnu_error": 44.987512967168534,
        "std_prnu_error": 96.47332845241955,
        "max_prnu_error": 255.0,
        "total_prnu_error": 64182785.0,
        "local_prnu_ratio": 0.1758348052821936,
        "wavelet": 3.052640199661255
    },
    "Copy-Move": {
        "tamper_ratio": 0,
        "tampered_area": 402866,
        "bounding_box": 289,
        "tampered": 0.2823800712142877
    },
    "Resample": {
        "periodicity_std": 16.0313,
        "resampled": 16.031345104162828
    }
}